"","package_name"
"1","fetch-mock"
"2","get-package-info"
"3","vusion-vue-loader"
"4","enb"
"5","htmlmin"
"6","iMemoized"
"7","datavan"
"8","ts-loader"
"9","six-key-figures-listing-widget"
"10","jsdoc-to-assert"
"11","connect"
"12","webrx-react"
"13","generator-xdl"
"14","microservices"
"15","one-based-array"
"16","chip-utils"
"17","elparser"
"18","composer-playground"
"19","bids-validator"
"20","textlint-rule-max-ten"
"21","jsonfile"
"22","feathers"
"23","insight"
"24","prelude-es6"
"25","lightstream-socket"
"26","flux-stores"
"27","semiquiz"
"28","generator-drupal-module"
"29","yalc"
"30","s3-uploader"
"31","s3"
"32","electron-pref"
"33","backup-mongodb-restorer"
"34","cluedin-chargify"
"35","nodefunc-generatorify"
"36","react-task"
"37","vsoagent-installer"
"38","react-simple-image"
"39","ml-matrix"
"40","lxstartplus"
"41","express-droonga"
"42","remit"
"43","gentle-ts"
"44","candle"
"45","fquery"
"46","subscriptions-transport-ws"
"47","postcss-functions"
"48","extended-emitter"
"49","schema-inspector"
"50","ng-test-utils"
"51","lumenode-config"
"52","hasbin"
"53","typescript-dotnet"
"54","primus"
"55","adoszam-ellenorzo"
"56","base-components"
"57","generator-babel-boilerplate"
"58","routr"
"59","specialone"
"60","flat-colors"
"61","enhanced-resolve"
"62","retext-smartypants"
"63","li-wechat-oauth2"
"64","kronos-service-koa"
"65","generator-buildpack"
"66","basho-riak-client"
"67","mlcl_i18n"
"68","poolee"
"69","express-switch"
"70","tagged-health"
"71","image-steam"
"72","d-pac.functions"
"73","asd-agent"
"74","tune-reporting"
"75","node-jet"
"76","leverage"
"77","countup-timer"
"78","dougs-sequelize"
"79","generator-polymer"
"80","lighter"
"81","justo-reporter"
"82","ttn"
"83","slock"
"84","short-term-memory"
"85","winston-rsyslog-logstash"
"86","gulp-rev-all"
"87","urlobj"
"88","rechtspraak-nl"
"89","jquery-asPieProgress"
"90","fast-validator"
"91","rackit"
"92","anyfetch"
"93","phridge"
"94","connect-render"
"95","jsonschema"
"96","sails-hook-cron"
"97","generator-empro"
"98","heroku-apps"
"99","d2"
"100","super-res"
"101","canvas"
"102","vk-api-util"
"103","webpcss"
"104","logbin"
"105","bee-tools"
"106","everest"
"107","leek"
"108","ngcreate"
"109","preact-lazy-route"
"110","six-live-search-box-widget"
"111","hubot-twitter-stream"
"112","gulp-codecov.io"
"113","passport-wechat"
"114","backbone-async-event"
"115","mongoose-connection-manager"
"116","react-swipeable-views"
"117","nemo-runner"
"118","request-persistent"
"119","gulp-blink"
"120","jadelint"
"121","seed"
"122","le-storage-provider-firebase"
"123","meteor-ecmascript-runtime"
"124","react-data-actions"
"125","meshblu-server-http"
"126","generator-react-redux-modules"
"127","generator-aip-science-app"
"128","webdriverajax"
"129","Templ8"
"130","angular-data-table"
"131","abaplint"
"132","nforce"
"133","sl-pwdhash"
"134","sqs-quooler"
"135","do-when"
"136","hapi-sol"
"137","gia-cli"
"138","frau-ci"
"139","cove-api"
"140","ms-socket.io-adapter-amqp"
"141","cream-and-sugar"
"142","obd-sms-plugin"
"143","retext-pos"
"144","eslint-config-sevenval"
"145","kronos-adapter-outbound-http"
"146","react-jsonschema-form"
"147","arrow-admin-api"
"148","chronic"
"149","limdu"
"150","briskly-router"
"151","slack-integrator"
"152","buddy"
"153","indigo-ez"
"154","dropbox"
"155","react-autosuggest"
"156","node-craigslist"
"157","sua.js"
"158","osprey-method-handler"
"159","sprity-lwip"
"160","adnoce"
"161","ubivar"
"162","json-merge-patch"
"163","spigot-anti-piracy-backend"
"164","beanstalkify"
"165","koa-mock"
"166","cacheman-promise"
"167","noflo-math"
"168","seneca-as-promised"
"169","swagg"
"170","angular-bootstrap-calendar"
"171","mws-sdk-promises"
"172","ubique"
"173","donejs"
"174","generator-pdemail"
"175","carauction-network"
"176","pie"
"177","chai-backbone"
"178","generator-harvesterjs"
"179","secp256k1"
"180","serializerjs"
"181","react-dom-stylesheet"
"182","write-up"
"183","bingspeech-api-client"
"184","mako"
"185","jsrevival"
"186","dispatch-node-sdk"
"187","maia-util"
"188","phptoast"
"189","babel-plugin-yui"
"190","waterline-salesforce"
"191","js-joda"
"192","apeiron"
"193","get-processor-ids-from-stylelint-options"
"194","pixi.js"
"195","detox"
"196","waves.js"
"197","jquery-click-flyout"
"198","roi"
"199","gluestick"
"200","rx-flow-extensions"
"201","apptension-tools"
"202","jxt-xmpp"
"203","native-toast"
"204","async-each-map"
"205","formsy-react-components"
"206","openshare"
"207","real-executable-path"
"208","toy-peers"
"209","wsdm-slider"
"210","koco-content-management"
"211","sendgrid-rest"
"212","js-makedepend"
"213","id-builder"
"214","auth0-extension-tools"
"215","zlogger"
"216","eslint-config-brightspace"
"217","sidebarjs"
"218","m3d-capture"
"219","gitftw"
"220","redux-react-starter"
"221","jsdeep"
"222","leaflet-groupedlayercontrol"
"223","google-libphonenumber"
"224","prg-form"
"225","uxcore-date-form-field"
"226","trixion"
"227","google-maps-react"
"228","angular2-cli"
"229","dorita980"
"230","knotisapi"
"231","qaap-node-kickstart"
"232","react-input"
"233","cezerin-client"
"234","iwwa-formula-resolver"
"235","boilerplate-server"
"236","gonebusy-nodejs-client"
"237","di-ioc"
"238","nsq-publisher"
"239","magnet"
"240","coleman-liau"
"241","react-rte"
"242","knockout-inview"
"243","nightingale-json-formatter"
"244","kambi-widget-core-library"
"245","react-jobs"
"246","ashley-koa"
"247","theo"
"248","rock-js"
"249","binary-charts"
"250","latlon-formatter"
"251","paradigm-documents"
"252","node-impala"
"253","nats-hemera"
"254","linked-data-reactor"
"255","wavedrom"
"256","pino-err-serializer"
"257","doctrine"
"258","arch-kit"
"259","is-in-range"
"260","ui-elements"
"261","minecraft-launcher"
"262","fortune-indexeddb"
"263","gulp-debug-finder"
"264","fs-readfile-promise"
"265","govstrap"
"266","thorken"
"267","koco-authenticated-api"
"268","react-scrollable-anchor"
"269","meze"
"270","react-page-object"
"271","lmui"
"272","node-dactylographsy"
"273","npms-cli"
"274","dogear"
"275","danielsbraingames"
"276","less-brunch"
"277","text-model"
"278","redis-koa-app"
"279","leitstand-github"
"280","babel-plugin-transform-react-infer-display-name"
"281","yokohama"
"282","jsonapi-store-relationaldb"
"283","warren"
"284","generator-mljs-packages"
"285","discord-graf"
"286","license-pack"
"287","airbitz-core-js-ui"
"288","mixpanel-common"
"289","entman"
"290","hexlet_braingames"
"291","reactive-var-std"
"292","react-d3-svg"
"293","node-ack"
"294","redux-form"
"295","barejs"
"296","block-sequence-compliance-tests"
"297","bili"
"298","app-next"
"299","binary-mock-websocket"
"300","material-ui-markdown-editor"
"301","fpx"
"302","httplease-asap"
"303","node-rev"
"304","eslint-config-angular-lazy"
"305","react-tween"
"306","netiam"
"307","react-native-button-component"
"308","copy-props"
"309","react-bootstrap-timezone-picker"
"310","ckip-client"
"311","catberry-locator"
"312","skypager-webpack"
"313","jquery-focus-exit"
"314","pmap"
"315","moize"
"316","hawk-fox-terrier"
"317","eslint-config-algolia"
"318","axon-web-lego"
"319","react-router"
"320","react-native-newrelic"
"321","turbo-commit"
"322","screwdriver-models"
"323","vue-charts"
"324","gulp-newer"
"325","generator-lmf"
"326","flow-runtime"
"327","eslint-config-trustpilot"
"328","clientkit-scripts"
"329","mservice-calendar"
"330","node-snowmix"
"331","digs-common"
"332","mt940-js"
"333","watson-developer-cloud"
"334","unist-util-inspect"
"335","ms-flakeless"
"336","bdt"
"337","node-steam-market-crawler"
"338","molecule-3d-for-react"
"339","split-tweet"
"340","mongo-stash"
"341","md-utils"
"342","timeturner"
"343","speechmatics"
"344","immutable-redux"
"345","ho-iter"
"346","fastmodel-layout-components"
"347","inspectpack"
"348","react-loopback"
"349","fortysixelks-node"
"350","app-gesture-decorator"
"351","json-touch-patch"
"352","ember-route-layers"
"353","remark-bemjson"
"354","chrome-manifest-iconify"
"355","slate-plugins"
"356","generator-ebrun"
"357","redux-viewmodel"
"358","tap-summary"
"359","pure-stamp"
"360","draft-js-bbcode-converter"
"361","rn-navigation"
"362","bookshelf-modelbase-plus"
"363","lightstep-tracer"
"364","local-fake"
"365","cluster-key-slot"
"366","bottr-cli"
"367","watson-ui-components"
"368","sweet-scroll"
"369","extract-docs"
"370","ensure-request"
"371","nokitjs"
"372","hbs-helpers"
"373","tryfp"
"374","node-red-contrib-pubnub"
"375","eslint-config-stripe"
"376","react-rating-svg"
"377","direction"
"378","metalsmith-relative-links"
"379","oneyun-sipclient-desktop-js-sdk"
"380","generator-cartodb"
"381","ng2-events"
"382","ng2-typing-carousel"
"383","file-matcher"
"384","ncs"
"385","green-arrow"
"386","vernal"
"387","angular2-focus"
"388","simple-ng-websocket"
"389","wsdot-route-utils"
"390","pretur.sequelize"
"391","hue-hacking-node"
"392","cmd-spawn"
"393","angular-ui-router-default"
"394","prefix-trie-ts"
"395","angular2-hapi-engine"
"396","composer-playground"
"397","angular-autogrowjs"
"398","typescript-logger"
"399","tplant"
"400","angular-grid"
"401","loco-metrics"
"402","open-stack"
"403","nexus-parser"
"404","angular-wormhole"
"405","pixi-stick"
"406","stf-input-list-filter"
"407","bore"
"408","mbtiles2gpkg"
"409","chainable-stub"
"410","apprun"
"411","content-preview"
"412","dog-client"
"413","ceylon"
"414","ts-url-pattern"
"415","tslint-config-wix"
"416","lucabro-linked-list"
"417","aurelia-oauth"
"418","webstomp-obs"
"419","phosphor-keymap"
"420","ember-cli-rollup"
"421","redux-websocket"
"422","mongot"
"423","vue-rules"
"424","rematch"
"425","redux-thunk-action-reducer"
"426","ng-jwt"
"427","t-fp-merge"
"428","typestore-plugin-indexeddb"
"429","bblog-stream-logentries"
"430","winston-viewer"
"431","griddle-react-bootstrap"
"432","gamekernel"
"433","crawl-path"
"434","ptz-user-app"
"435","ewancoder-angular-http"
"436","lc-form-validation"
"437","routist"
"438","t-rex"
"439","logiled"
"440","o2-payment-stripe"
"441","futamata"
"442","toosimple"
"443","graphql-rabbitmq-subscriptions"
"444","jasmine-shapshot"
"445","systemjs-server"
"446","chai-snapshots"
"447","react-most"
"448","gulp-tsc"
"449","pagination-window"
"450","request-idle-polyfill"
"451","graphql-document-collector"
"452","espower-typescript-babel"
"453","geocoder-promise"
"454","mbtiles-server"
"455","davinci-eight"
"456","securemark"
"457","get-pkg-version"
"458","dyrt"
"459","generator-teams"
"460","lbp-wrapper"
"461","run-if-changed"
"462","stream-item-timer"
"463","pnpm-logger"
"464","stf-angular-select"
"465","tslint-formatter-vscode"
"466","primeng-custom-dev"
"467","apiai"
"468","unpack-stream"
"469","fractal-core"
"470","mobx-component"
"471","trafficlight"
"472","hdu-cas-client"
"473","angular2-stretchy"
"474","sl-node2"
"475","typestore-plugin-cloudsearch"
"476","ngadapter"
"477","quark-gui"
"478","starspot"
"479","nsql.js"
"480","deploy-lambda"
"481","parallel_machine"
"482","ng2-avatar"
"483","xliv"
"484","ngx-webstorage"
"485","phaethon"
"486","fis-msprd-vue_2_0_4"
"487","ts-pwgen"
"488","45"
"489","redux-detector"
"490","menthe"
"491","ngmeta"
"492","crunchy"
"493","slippy-tile"
"494","vidal-ng2-toolbar"
"495","squeezebox"
"496","json-views-express-middleware"
"497","netsuite-fasttrack-toolkit-ss2"
"498","typemoq"
"499","gql-schema-relations-generator"
"500","material-ui-number-input"
"501","react-day-picker"
"502","aurelia-ux"
"503","angular-cli"
"504","frest"
"505","ion-js"
"506","simple-sqlite-promise"
"507","generator-yact"
"508","illa"
"509","ng2-blur-theme"
"510","larynx-sdk"
"511","cpass"
"512","smu"
"513","fisher-primeng"
"514","angular-lazy-for"
"515","tassert"
"516","superdup-auth-angular"
"517","casparcg-connection"
"518","gcg-tweaked"
"519","glob-uglifyjs"
"520","talkiejs"
"521","react-mixout"
"522","typescript-map"
"523","rawcan"
"524","compose-middleware"
"525","miter-cli"
"526","strip-whitespace"
"527","pully"
"528","brain-cli"
"529","generator-teams-tab"
"530","msal"
"531","hapi-webapi"
"532","spica"
"533","markscript-uservices"
"534","nativescript-sonos"
"535","mute-structs"
"536","ng2-intl"
"537","basalplatten"
"538","ngdatasheet"
"539","cellpack-swig"
"540","zen-i18n"
"541","apihandler"
"542","express-base-server"
"543","phantom-tasker"
"544","rethinkdb-repository"
"545","joj-core"
"546","taktil-cli"
"547","extts"
"548","util.toolbox"
"549","angular2-elastic"
"550","node-msbuild"
"551","dash-docset-generator"
"552","phosphor-widget"
"553","customelement"
"554","ng2-pipe"
"555","CSLogger"
"556","ddf-validation"
"557","tsd"
"558","careen"
"559","zenypass-vault-service"
"560","cookie-wrapper"
"561","t-fp-assoc"
"562","et-parser"
"563","ng2-bs-dialogs-creator"
"564","anyconnect"
"565","tsbundler"
"566","image-q"
"567","npm-module-path"
"568","ng2-mobx"
"569","vue-framework7"
"570","yoda-core-components"
"571","quik"
"572","url-io"
"573","zanata-ui"
"574","uxcore-form"
"575","pixiv.moe"
"576","observer.js"
"577","sh-input-select"
"578","bemact"
"579","rep-web"
"580","laxar"
"581","react-darkroom"
"582","discord-irc-billimek"
"583","poi-plugin-battle-detail"
"584","sweet.js"
"585","webpack-angularity-solution"
"586","hg-image-slider"
"587","react-data-table"
"588","asynciteration"
"589","u200b"
"590","teasim-presets"
"591","bplus-index"
"592","monarch-routes"
"593","DOMArray"
"594","react-thrux"
"595","node-uci"
"596","react-fuzzy-search"
"597","legofy"
"598","vue-i18n-manager"
"599","relate-js"
"600","provide-user"
"601","react-cmf-bootstrap"
"602","react-dnd-treeview"
"603","react-native"
"604","thermal-ui"
"605","express-json-data"
"606","fetch-intercept"
"607","react-week-scheduler"
"608","jkef-model"
"609","peranta-electron"
"610","react-collapse"
"611","yo3"
"612","make-element"
"613","confim"
"614","tinper-neoui-polyfill"
"615","tyton-ui-components"
"616","emock"
"617","cs-collection"
"618","waldojs"
"619","react-checkbox-duet"
"620","cerebral-angular-immutable-store"
"621","fauxflux"
"622","history"
"623","finite-vue-processor"
"624","spectacle"
"625","rex"
"626","react-beaker"
"627","babelify"
"628","react-player"
"629","fis-eap"
"630","react-scripts"
"631","redux-connect"
"632","functify"
"633","redux-autoform-bootstrap-ui"
"634","clockwerk"
"635","canvas-paper"
"636","neutrino-preset-jest"
"637","waterwheel"
"638","heritagebot"
"639","ne-rc"
"640","cedp-gallery"
"641","react-log"
"642","react-3d-carousel"
"643","xxi-svg-map"
"644","react-json-tree"
"645","radmin"
"646","taucharts"
"647","react-nested-json-table"
"648","rn-packager"
"649","xcxs"
"650","rxmq.aliases"
"651","reactive-di"
"652","vivian"
"653","eruda"
"654","html-webpack-hashfix-plugin"
"655","react-kefir"
"656","ims-shared-client"
"657","point-one"
"658","objection"
"659","wechat-jssdk"
"660","babel-plugin-partial-application"
"661","kp-input"
"662","vue-spectre"
"663","rawblock"
"664","six-live-search-box-widget"
"665","babel-plugin-filter-imports"
"666","react-stickies"
"667","draft-js-import-element"
"668","reify"
"669","panels-runtime"
"670","images-preview"
"671","oakdatastore"
"672","react-multi-toggle"
"673","electron-compilers"
"674","tandem-loader"
"675","react-pagination-table"
"676","odoo-client"
"677","tent-module-assign"
"678","react-talend-components"
"679","react-komposer-native"
"680","vuex-firebase"
"681","vainglory"
"682","cycle-snabbdom"
"683","redux-ddd"
"684","react-konva"
"685","draftjs-to-html"
"686","babel-plugin-react-native-layout"
"687","gfs-weather-leaflet"
"688","openrest"
"689","react-super-select"
"690","react-sparklines"
"691","quark-gui"
"692","smooch-core"
"693","immutability-skinable-component"
"694","autotrack"
"695","tangram-react"
"696","brush-java"
"697","lgtv-remote"
"698","weex-vue-loader"
"699","victory-chart"
"700","neato"
"701","auth0-lock"
"702","react-respond-to"
"703","b-rc"
"704","redux-unity-router"
"705","tpl.js"
"706","angular-vgravatar"
"707","lasso-require"
"708","ykit-config-yo"
"709","tower-of-babel"
"710","static-base-contrib"
"711","acceptedlanguagesui"
"712","react-spy-scroll"
"713","espower-babel"
"714","bdux-react-router"
"715","node-project-template"
"716","margaret-fetcher"
"717","react-paco-ui"
"718","lodash-webpack-plugin"
"719","react-pivoter"
"720","react-module-loader"
"721","cat-components"
"722","ts-babel"
"723","angular-extends"
"724","alidw-crmsdk"
"725","gulp-pug"
"726","rxjs-aws"
"727","inferno-presenter"
"728","rb-component"
"729","yoast-components"
"730","babel-connect"
"731","skypager-registry"
"732","luminous-lightbox"
"733","jsbarcode"
"734","guyanbiao-calender"
"735","opal-components"
"736","vue-msgbox"
"737","stc-cdn"
"738","react-youtube"
"739","yourchoice-redux"
"740","enjoy-local-cli"
"741","draft-extend"
"742","cubbie"
"743","sweb"
"744","peters-toolbelt"
"745","generator-bitch"
"746","webel"
"747","wui-bigdata"
"748","react-webpack-node"
"749","job-status"
"750","react-lazyload"
"751","start-files"
"752","lpio-server"
"753","buntpapier"
"754","enclave"
"755","rxr-react"
"756","skypager-server"
"757","gulpir"
"758","odbc-watch"
"759","grasshopper-cms"
"760","generator-hapiest"
"761","rsuite-table"
"762","sequelize-virtual-fields"
"763","ragdoll-lib"
"764","meshblu-core-task-create-subscription"
"765","react-search-results"
"766","trailpack-core"
"767","airbnb-parser"
"768","gofer"
"769","element-size-reporter"
"770","boiler-addon-webpack-styles"
"771","sacl"
"772","gulp-webpack-build"
"773","react-native-extended-cli"
"774","atomic-style"
"775","rest-methods"
"776","kibana4-backup"
"777","particles-prereq"
"778","on-update"
"779","sand-schedule"
"780","react-dom-stylesheet"
"781","newsql"
"782","idsp-web-seed2-paging"
"783","mapbox-gl-native"
"784","boiler-addon-assemble-middleware"
"785","homebridge-controllerlink"
"786","serverless"
"787","uri-change-observer"
"788","swagger-to-html"
"789","accessors.io-cli"
"790","zunder"
"791","cabrel-curb-lib"
"792","seed-packer"
"793","withlocals-cloudinary"
"794","validator.js-asserts"
"795","idsp-web-seed2-uploader"
"796","react-form-builder"
"797","sri4node"
"798","gitdown"
"799","papi"
"800","pokemongo-api"
"801","roots-records"
"802","business-error"
"803","lambda-dynamodb-router"
"804","generator-spira"
"805","harcon"
"806","ahab"
"807","ng-dependency-map"
"808","js-validate"
"809","devebot-cli"
"810","sri-audit-broadcast"
"811","lodash-webpack-plugin"
"812","gatsby"
"813","kinda-cordova-sqlite"
"814","hy-res"
"815","jlangs-processor"
"816","pomjs"
"817","cantrip"
"818","boiler-task-babel"
"819","ractive-select"
"820","google-books-search-promise"
"821","seneca-extended"
"822","steiner"
"823","parse-comments"
"824","wolkenkratzer"
"825","jsverify"
"826","magicbook-codesplit"
"827","record-desktop"
"828","sro"
"829","cursor-position-notifier"
"830","pelias-wof-admin-lookup"
"831","alaska-cache-lru"
"832","dashlang"
"833","bloody-tester"
"834","enb-bemxjst"
"835","jshs2"
"836","xenapi2"
"837","fedtools-utilities"
"838","koa-bouncer"
"839","hal-serializer"
"840","cdkey"
"841","hyperpotamus"
"842","melon-timepicker"
"843","uniconfig"
"844","sh-input-email"
"845","droppable.js"
"846","alaska-admin-view"
"847","nooocl"
"848","nothinkdb-graphql"
"849","koa-permissions"
"850","flavor-builder"
"851","vc-cake"
"852","pipelinedog"
"853","react-native-image-carousel"
"854","larvitbase"
"855","resin-discoverable-services"
"856","formidable-playbook-docs"
"857","kunta-api-www-mikkeli"
"858","joi-sequelize"
"859","machinepack-process"
"860","librato-api"
"861","butler"
"862","isitworking"
"863","generator-react-ui"
"864","auth0-contact-form"
"865","gulp-zkflow-angular"
"866","buildreq"
"867","atom-react"
"868","abyss-core"
"869","finesse-toolkit"
"870","laravel-elixir-webpack-official"
"871","cordova-builder"
"872","mobo"
"873","basyt-mongodb-collection"
"874","react-flip-move"
"875","gulp-responsive"
"876","mongodb-migrations"
"877","mkdirp-bluebird"
"878","angular2-omnixell-library"
"879","victory-core"
"880","re-define"
"881","react-announce-size"
"882","concurrently"
"883","yuntongxun-sdk"
"884","jsai-queuetoprocessor"
"885","asset_hash"
"886","pouchdb-access"
"887","epilogue"
"888","insales-uploader"
"889","grunt-fh-build"
"890","check-compose"
"891","vuejs-datatable"
"892","backbone-virtualized-listview"
"893","mb3-speck"
"894","meshblu-core-task-publish-broadcast-received"
"895","noobpanda_dal"
"896","fusebill"
"897","ldx-widgets"
"898","seneca"
"899","mali-logger"
"900","boiler-addon-assemble-nunjucks"
"901","js-comments"
"902","ethconnector"
"903","seattle-boundaries"
"904","linvo-api4-client"
"905","steel"
"906","cfn-include"
"907","restling"
"908","sir"
"909","lacona-phrase-digitstring"
"910","loopback-connector-ibm-connections-activities"
"911","redux-react-firebase"
"912","graphology-generators"
"913","credentials-io"
"914","opensubtitles-api"
"915","fizzy"
"916","ruby"
"917","sgmap.ludwig"
"918","gre-tutor"
"919","node-red-contrib-icreate-upnp"
"920","bedrock-permission"
"921","bake-in"
"922","socket-io-mocks"
"923","bootprint"
"924","hu-barras-component-react"
"925","onlinelabs-cli"
"926","pancakes-syrup"
"927","brixo-framework"
"928","gulp-helpers"
"929","cigen"
"930","appcelerator"
"931","d3-cluster"
"932","stellar-sdk"
"933","generator-node"
"934","serverbone"
"935","pelias-whosonfirst"
"936","fuel-rest"
"937","cspace-input"
"938","moddle"
"939","yocto-orika"
"940","bot-languages"
"941","go-find"
"942","entree"
"943","glad"
"944","proton-quark-controllers"
"945","actor-sdk"
"946","orbit-web"
"947","oakpubsub"
"948","awayjs-lite"
"949","fetch-observable"
"950","tagalong"
"951","react-conform"
"952","teasim-tools"
"953","ng2-webpack-scripts"
"954","mscgenjs-inpage"
"955","cmis-tool-release"
"956","teasim-helpers"
"957","react-hoverintent"
"958","react-time-picker"
"959","startdt-charts"
"960","mithril-form"
"961","angular-drag-drop"
"962","mea-builder"
"963","gluestick-env-expose-ast"
"964","d2-utils"
"965","ribosome"
"966","ts-immutable-helper"
"967","miox-router"
"968","universal-redux-boilerplate"
"969","npm-library-starter"
"970","reforms"
"971","vide-plugin-toolbar-hosts"
"972","react-stream-connector"
"973","airdcpp-webui"
"974","et-template"
"975","gemstone-framework-frontend"
"976","immutable-di"
"977","webpack-brevity"
"978","tify"
"979","cooking-cli"
"980","react-modular-ui"
"981","webpack-coc"
"982","serenitydi"
"983","react-mobile-components"
"984","cms-core"
"985","react-player-fork"
"986","react-stepper-horizontal"
"987","br-bid"
"988","cerebral-angular-immutable-store"
"989","cerebral-react-immutable-store"
"990","react-id-swiper"
"991","restful.js"
"992","react-modal-wrapper"
"993","figlet-loader"
"994","thf-mobile-components"
"995","we-pepper"
"996","jesti"
"997","gismap"
"998","leaflet-view"
"999","AnimIt"
"1000","react-redux-oop"
"1001","local-t2-sw-redux"
"1002","teasim-icon"
"1003","webpack-dev-server"
"1004","vue-in-viewport-directive"
"1005","botpress-scheduler"
"1006","babylon-voxel-snow"
"1007","fenix-ui-metadata-editor"
"1008","react-progressive-loading"
"1009","react-typo-component"
"1010","mole-redux"
"1011","uglifyjs-webpack-plugin"
"1012","react-folder-tree"
"1013","victory-axis"
"1014","react-injectables"
"1015","olymp"
"1016","fenix-ui-pivotator-utils"
"1017","react-component-tree"
"1018","vue-marquee-ho"
"1019","bless-css-webpack-plugin"
"1020","trolly"
"1021","kero-fetch"
"1022","update-it"
"1023","lynchburg"
"1024","tatari"
"1025","react-isolate"
"1026","vue-query"
"1027","sails-webpack"
"1028","js-xdr"
"1029","backbeam-lambda"
"1030","baobab-meteor-utils"
"1031","sorting-visualiser"
"1032","ggs"
"1033","amelisa"
"1034","timhwang21-react-popover"
"1035","fractal-core"
"1036","photons"
"1037","caffeine-script"
"1038","vue-search-select"
"1039","DFP"
"1040","tapas-ui"
"1041","jgodi-test-lib"
"1042","ship-components-buttons"
"1043","prismjs-package"
"1044","balm"
"1045","form-capacitor"
"1046","discord-react-forms"
"1047","react-input-field"
"1048","surgeonkit"
"1049","meek"
"1050","infamous"
"1051","axon-web-server"
"1052","redux-form-material-ui"
"1053","react-redux"
"1054","clappr-videocontext-playback"
"1055","aden"
"1056","vue-img-preview"
"1057","appirio-tech-webpack-config"
"1058","ic-datepicker"
"1059","cluedin-widget"
"1060","hxvux"
"1061","react-realm"
"1062","markrun"
"1063","audio-player-es6"
"1064","stardust"
"1065","metarhia-jstp"
"1066","dragon.js"
"1067","react-formio"
"1068","tinper-neoui"
"1069","react-spinkit"
"1070","react-customized-scrollbar"
"1071","js-utility-belt"
"1072","nestedreact"
"1073","react-highlighted-text"
"1074","react-d3-components"
"1075","sharepoint-webpack"
"1076","rf-materialize"
"1077","react-boxen"
"1078","react-beaker"
"1079","html-webpack-plugin"
"1080","json-vision"
"1081","crds-core"
"1082","vue-select-wc"
"1083","se-topbar"
"1084","coffee-redux-loader"
"1085","aptr-uikit"
"1086","mdl-ext"
"1087","test-bed"
"1088","webrx-react"
"1089","proto.js"
"1090","neutrino-preset-node"
"1091","react-formalin"
"1092","broccoli-webpack-cached"
"1093","ringcentral-widget"
"1094","salesforce-lightning-cli"
"1095","angular2-config-generator"
"1096","butter-scroll"
"1097","paqs"
"1098","redux-async-api"
"1099","aspnet-webpack-react"
"1100","jsfile-epub"
"1101","uniteditor-textparagraph"
"1102","mq-node"
"1103","ocui"
"1104","react-formless"
"1105","particles-on-map"
"1106","mosaic-core"
"1107","calcify"
"1108","snakeskin-loader"
"1109","constellate"
"1110","tspoon"
"1111","react-redux-grid"
"1112","tungstenjs"
"1113","merlin.js"
"1114","multithread-it"
"1115","react-d3-core"
"1116","karma-coverage-istanbul-reporter"
"1117","react-gql"
"1118","smart-components"
"1119","vue-toastr"
"1120","kinvey-javascript-sdk-core"
"1121","vue-calendar-simple"
"1122","serviceworker-webpack-plugin"
"1123","nunjucks"
"1124","myclinic-service"
"1125","react-d3-map-bubble"
"1126","api-actions-js"
"1127","teasim-player"
"1128","qenya"
"1129","units-css"
"1130","jss"
"1131","react-sweet-search"
"1132","basic-streams"
"1133","eslint-config-laosdirg"
"1134","parse-server"
"1135","gyrejs"
"1136","backborg"
"1137","lathet"
"1138","nordnet-next-api"
"1139","react-redux-saga-router"
"1140","jedi"
"1141","phenix-express"
"1142","mocha-tcov-reporter"
"1143","koco"
"1144","violet-paginator"
"1145","redux-awesome-modal"
"1146","nmo"
"1147","mvn-artifact-filename"
"1148","getpath"
"1149","animakit-core"
"1150","lucid-router"
"1151","rollator"
"1152","isomorphic-dispatcher"
"1153","safe-framework"
"1154","raku-orm"
"1155","isomorphic-cookie"
"1156","react-rich-editor"
"1157","regexmatcher"
"1158","postcss-at-rules-variables"
"1159","scot4"
"1160","possum"
"1161","dashfleet-firebase-path-fns"
"1162","react-isomorphic-render"
"1163","uikit-react"
"1164","prefixed-reflexbox"
"1165","nva-core"
"1166","dashling-sample-app"
"1167","framesg"
"1168","mocker-data-generator"
"1169","waliyun"
"1170","extendable-immutable"
"1171","single-market-robot-simulator-viz-plotly"
"1172","transactions-redux-reselector"
"1173","react-custom-render"
"1174","reactables"
"1175","mos"
"1176","ko-component-router"
"1177","dubbo-client-zookeeper-hessian"
"1178","cspace-ui"
"1179","listy"
"1180","basic-tree"
"1181","jrg"
"1182","babel-plugin-insert-css-module"
"1183","vue-tk"
"1184","xo-acl-resolver"
"1185","postal-codes"
"1186","jimple"
"1187","electric-components"
"1188","ot-wpt"
"1189","vue-msgbox"
"1190","joi-decorators"
"1191","spy-debugger"
"1192","sd-builder"
"1193","aliyun-push"
"1194","arid"
"1195","babel-dts-generator"
"1196","isaac-wrapper.parser"
"1197","scallop"
"1198","tle-parser"
"1199","bacon.react.html"
"1200","google-trends-api"
"1201","fluxtuate-react"
"1202","five-bells-pathfind"
"1203","layabout"
"1204","infinite-tree"
"1205","persistent-c"
"1206","americons"
"1207","babel-plugin-contracts"
"1208","react-i18next"
"1209","smallorange-realtime-framework"
"1210","grunt-react-boilerplate"
"1211","csv2ical"
"1212","shazamjs"
"1213","bc-http"
"1214","organism-react-popup"
"1215","neoui-sparrow"
"1216","fast-array"
"1217","redux-tooltip"
"1218","react-trello"
"1219","standard-io"
"1220","smart-encoding-convert"
"1221","react-router-dom"
"1222","hypernova-amp"
"1223","postcss-colormin"
"1224","most-test"
"1225","nodebb-plugin-calendar"
"1226","commission-junction"
"1227","javascript-obfuscator"
"1228","uwsws"
"1229","archmage-client"
"1230","relayr-browser-sdk"
"1231","react-plotlyjs"
"1232","starhs-api-proxy-aws-lambda-client"
"1233","tracking-protection"
"1234","farris"
"1235","trail-instrument-http"
"1236","express-compilers"
"1237","solfegejs-server"
"1238","react-popconfirm"
"1239","react-searchbox"
"1240","excel4node"
"1241","mysql-liquibase-converter"
"1242","redux-replicate-fs"
"1243","usgs-earthquake-reports"
"1244","cerebral-addons"
"1245","octobus.js"
"1246","material-pickers-time"
"1247","variate"
"1248","panel"
"1249","babel-loader"
"1250","zero-components"
"1251","ztao_npm_demo"
"1252","fake-react"
"1253","ssc-grid"
"1254","brat-frontend-editor"
"1255","kero"
"1256","react-collapsible"
"1257","boldr-ui"
"1258","react-themed"
"1259","adana-format-clover"
"1260","megadraft-related-articles-plugin"
"1261","grimoirejs-gltf"
"1262","serviceworker-webpack-plugin"
"1263","react-broadcast"
"1264","chimp"
"1265","react-native-navigation"
"1266","safe-app"
"1267","retake"
"1268","article-json-to-fbia"
"1269","react-redux-scroll"
"1270","react-scrollspy"
"1271","ms-phone"
"1272","react-flex"
"1273","redux-api-middleman"
"1274","react-bluekit"
"1275","simple-react-firebase"
"1276","pristine-app"
"1277","trail-instrument-bluebird-main"
"1278","teasim-core"
"1279","millwright"
"1280","routah"
"1281","redux-crud-async"
"1282","fetch-gifs"
"1283","postcss-autoreset"
"1284","solfegejs-server-router"
"1285","magic-transport"
"1286","redux-form-input-toggle"
"1287","jgodi-test-lib"
"1288","do-translate"
"1289","grind-framework"
"1290","barenode"
"1291","kea-logic"
"1292","react-schema-form-generator"
"1293","organism-react-scroll-nav"
"1294","react-nabu"
"1295","tictactoe_core"
"1296","react-split-pane"
"1297","augur.js"
"1298","planett-img"
"1299","redux-waitfor-middleware"
"1300","web-components"
"1301","remotedev-app"
"1302","node-architect"
"1303","gulp-stylelint-console-reporter"
"1304","weex-rx-framework"
"1305","goffof"
"1306","metacdn.hls.js"
"1307","react-close-on-escape"
"1308","cavehouse"
"1309","generator-webpack-versatile"
"1310","tiny.js"
"1311","ssc-refer"
"1312","airdcpp-apisocket"
"1313","electrode-redux-router-engine"
"1314","redux-blueprint"
"1315","hiromi"
"1316","uiengine-adapter-handlebars"
"1317","vue-build"
"1318","reboundjs"
"1319","react-querybuilder"
"1320","availability"
"1321","trezor.js-node"
"1322","reaction-cli"
"1323","vdux"
"1324","reducto"
"1325","crisper.ko"
"1326","chronoshift"
"1327","cspace-ui"
"1328","prop-map"
"1329","date-time-format-timezone"
"1330","gulp-alex"
"1331","styled-components"
"1332","reactjs-admin-lte"
"1333","xen-api"
"1334","cs-validation"
"1335","bmqb-sms"
"1336","express-vue-builder"
"1337","violet-paginator"
"1338","mediaelement"
"1339","elementum-tools"
"1340","electron-compilers"
"1341","catalog"
"1342","md-to-couch"
"1343","simple-adb"
"1344","mbuild"
"1345","npm-profile-downloads"
"1346","react-flex-grid"
"1347","knex-csv-seeder"
"1348","fade-props"
"1349","mongo-helpr"
"1350","react-socket-context"
"1351","transcript-model"
"1352","redux-model-utils"
"1353","nes"
"1354","chare"
"1355","ol3-tilecache"
"1356","react-pagination-status"
"1357","scroll-behavior"
"1358","auth0-extension-ui"
"1359","nblue-core"
"1360","justo-console"
"1361","syntax-cli"
"1362","penneo-js-sdk"
"1363","vue-data-tables"
"1364","onenoteapi"
"1365","log4js-free"
"1366","compose-js"
"1367","wee-core"
"1368","scalejs.metadatafactory-common"
"1369","vue-supply"
"1370","babel-preset-airbnb"
"1371","build-control"
"1372","sms506"
"1373","nxus-clientjs"
"1374","six-tabs"
"1375","yomo"
"1376","gollum-nocinema"
"1377","sails-hook-slugs"
"1378","ajaxable"
"1379","dude-sms"
"1380","react-web-meteor"
"1381","react-npm-circular-status-indicator"
"1382","scraper.js"
"1383","react-redux-subdivide"
"1384","nodep-date-input-polyfill"
"1385","deepword"
"1386","mu-lib"
"1387","typer-js"
"1388","preact-cycle"
"1389","nexmo-cli"
"1390","react-native-ignite"
"1391","lego-data"
"1392","thrux"
"1393","airborne"
"1394","react-native-media-queries"
"1395","frot"
"1396","atmo"
"1397","vt-radio"
"1398","pact"
"1399","xgen-cli"
"1400","d3-funnel"
"1401","reactribute"
"1402","jsdonk"
"1403","spicy-datatable"
"1404","giveme"
"1405","nyx_server"
"1406","cellx"
"1407","flux-modelingjs"
"1408","vuetable"
"1409","query-dom"
"1410","nodejs.fm"
"1411","binary-mock-websocket"
"1412","react-kd.ui"
"1413","bricks.js"
"1414","mini-routerjs"
"1415","meetup-web-platform"
"1416","alfrid"
"1417","bootstrap-components"
"1418","lazyload-qiniu"
"1419","ethereumjs-connect"
"1420","redux-pager-test"
"1421","ig-scraper"
"1422","react-mobile-navigation-sheet"
"1423","graphql-tracer"
"1424","mrt"
"1425","levelgraph-query"
"1426","react-prokrutchik"
"1427","showcar-pictures"
"1428","es6-error"
"1429","spatialhash2d"
"1430","react-emojione"
"1431","itemsense-node"
"1432","twitter-server"
"1433","smooch-core"
"1434","react-form-essentials"
"1435","ng-formio"
"1436","redux-dialog"
"1437","react-inform"
"1438","relay-subscriptions"
"1439","weixinbot"
"1440","solid-permissions"
"1441","vue-tk"
"1442","rapid.js"
"1443","require-hacker"
"1444","nxus-data-manager"
"1445","sandwich-expando"
"1446","valid-react-form"
"1447","vue-duoshuo"
"1448","layer-websdk"
"1449","react-virtualized"
"1450","backed"
"1451","sanji-core-ui"
"1452","xdl"
"1453","esri-loader-react"
"1454","suitup-ui"
"1455","dir-babel"
"1456","flarej"
"1457","react-simple-scroll"
"1458","deepify"
"1459","iconr"
"1460","html-highlighter"
"1461","promise-poller"
"1462","blur-overlay"
"1463","paco-sdk-vue"
"1464","kp-input"
"1465","webpack-rtl-plugin"
"1466","react-rex"
"1467","react-native-conditional-stylesheet"
"1468","redux-saga-models"
"1469","higlass"
"1470","redux-socket-cluster"
"1471","react-resumable-js"
"1472","airflux"
"1473","eventorjs"
"1474","rsuite-schema"
"1475","diffhtml"
"1476","vue-img-lazyload"
"1477","hapi-raml"
"1478","fbw-platform-common"
"1479","regionsjs"
"1480","streamline"
"1481","gitlab-radiator"
"1482","easy-fit"
"1483","scalejs.metadataFactory"
"1484","babel-plugin-transform-isnil"
"1485","percy-client"
"1486","ims-shared-client"
"1487","react-myui"
"1488","fulcrum-core"
"1489","my-vanga"
"1490","dash-styles"
"1491","vue-js-modal"
"1492","bisheng"
"1493","webcompiler"
"1494","react-super-components"
"1495","particle-api-js"
"1496","smithers-battery"
"1497","smitty"
"1498","dataframe-js"
"1499","re-app"
"1500","react-json-tree"
"1501","composer-runtime-hlf"
"1502","drs-node"
"1503","meng"
"1504","transformime-react"
"1505","noflux"
"1506","fit-menu"
"1507","logger-app"
"1508","volubile-ui"
"1509","auth0-lock"
"1510","slim-redux-react"
"1511","domesticate"
"1512","ruto"
"1513","redux-vcr.replay"
"1514","es6-react-admin-lte"
"1515","es6-react-component"
"1516","zooid-ui"
"1517","react-pagify-preset-bootstrap"
"1518","react-split-pane"
"1519","rc-banner-anim"
"1520","react-middleware"
"1521","react-data-grid-lei"
"1522","yar-carousel"
"1523","react-universal-renderer"
"1524","amelisa"
"1525","hoctable"
"1526","rmc-cascader"
"1527","cpr-select"
"1528","cspace-ui"
"1529","react-telephone-input"
"1530","react-component-google-maps"
"1531","6bin"
"1532","react-dropzone-component"
"1533","react-palm"
"1534","stilr"
"1535","react-colors"
"1536","draftjs-to-html"
"1537","pollicino-ui"
"1538","fengui"
"1539","wui-bigdata"
"1540","ainojs-react-touchclick"
"1541","react-document-title"
"1542","react-search"
"1543","rey"
"1544","django_cradmin_js"
"1545","react-input-datalist"
"1546","smart-store"
"1547","react-input"
"1548","modelizr"
"1549","evoluttree"
"1550","thecarcentre-carsalessuite"
"1551","redux-ab-test"
"1552","meetup-web-components"
"1553","hap4"
"1554","ui-components"
"1555","signavio-i18n"
"1556","react-tagsinput"
"1557","react-seed"
"1558","mjml-image-swapper"
"1559","mjml-section"
"1560","react-autolink-text"
"1561","baobab-react"
"1562","cirru-editor"
"1563","react-shed"
"1564","pxt-core"
"1565","react-realm"
"1566","zeroconf-redux"
"1567","fun-react"
"1568","formatron"
"1569","pw-component-input-group"
"1570","bix"
"1571","react-masonry-component"
"1572","clan-fp"
"1573","moped-runtime"
"1574","web-components"
"1575","vivi"
"1576","eslint-config-ship-components"
"1577","ykit-config-react"
"1578","react-simple-format"
"1579","redux-autoform-bootstrap-ui"
"1580","react-helo"
"1581","outrigger"
"1582","video-react"
"1583","apeman-react-toggle"
"1584","cf-component-progress"
"1585","admn-module-ekhn"
"1586","react-stylematic"
"1587","react-ocean"
"1588","here-we-go"
"1589","react-tj-treeview"
"1590","react-visit"
"1591","zp-mobile"
"1592","fit-timepicker"
"1593","react-state-validation-stlk"
"1594","random-number-display"
"1595","auxjs"
"1596","draft-js-export-html"
"1597","react-icheck"
"1598","helpful-react-scripts"
"1599","teamleader-ui"
"1600","react-heatpack"
"1601","react-image-crop-component"
"1602","react-social"
"1603","skypager-documentation"
"1604","react-grid-layout"
"1605","barbel"
"1606","gedeonix-react"
"1607","react-mobiscroll"
"1608","apeman-react-toast"
"1609","fastmodel-layout-components"
"1610","uxcore-tree"
"1611","blib"
"1612","meiosis-react"
"1613","simple-draftjs"
"1614","susam-components"
"1615","react-stickynode"
"1616","apeman-react-chat"
"1617","rc-progress"
"1618","react-universal-element"
"1619","schema-based-json-editor"
"1620","react-svg-camera"
"1621","react-umeditor"
"1622","reshow-app"
"1623","react-berry"
"1624","billing-ui"
"1625","react-ja-date-picker"
"1626","reactmaterial"
"1627","react-wxeap"
"1628","dropdown-react"
"1629","apeman-api-babel"
"1630","parsec-mycos-antd"
"1631","hanzojs"
"1632","chai-react-element"
"1633","dora-apps-shared"
"1634","generic-website"
"1635","cncjs"
"1636","react-formalize"
"1637","flummox"
"1638","chattigo-webchat"
"1639","kettle-ui"
"1640","fit-badge"
"1641","react-numbers"
"1642","react-fluxible-i18n"
"1643","react-addons-shallow-compare"
"1644","apeman-react-radio"
"1645","teadao"
"1646","react-headroom"
"1647","organism-react-ajax"
"1648","react-currency-masked-input"
"1649","ez-react"
"1650","essence-input"
"1651","typini"
"1652","react-jupyter-display-area"
"1653","paye"
"1654","six-news-stream-widget"
"1655","redux-devtools-test-generator"
"1656","react-console-component"
"1657","react-scripts-ts"
"1658","appirio-tech-client-app-layer"
"1659","react-howler"
"1660","react-entanglement-web-storage-adapter"
"1661","react-split-pane-2"
"1662","alp-react-redux"
"1663","redux-history-component"
"1664","apeman-react-captcha"
"1665","talend-icons"
"1666","restful-redux"
"1667","fody"
"1668","rx-react"
"1669","straylab-ui"
"1670","rc-input-number"
"1671","electrode-react-webapp"
"1672","react-component-grid"
"1673","nl-flux-native"
"1674","yoda-ui-toolkit"
"1675","react-drag-and-drop"
"1676","robe-react-commons"
"1677","eliot"
"1678","react-custom-places-input"
"1679","react-maximize-test"
"1680","mobx-react"
"1681","focus-devtools"
"1682","react-password-mask"
"1683","react-redux"
"1684","up-react-control"
"1685","react-joyride"
"1686","sambell"
"1687","rest-on-couch"
"1688","node-instagram-analytics"
"1689","supervizer"
"1690","exceljs"
"1691","ecb-exchange-rates"
"1692","resilient"
"1693","get-firefox"
"1694","bip-pod"
"1695","lettersorter"
"1696","nodebb"
"1697","trak"
"1698","light-tts"
"1699","kscli"
"1700","express-as-promised"
"1701","vern-authentication-feedly"
"1702","webidl2-cli"
"1703","byu-cas"
"1704","steam-inventory"
"1705","hashdo-e4f"
"1706","grunt-filerev-qiniu"
"1707","nexus-uplink-simple-server"
"1708","koa-ship"
"1709","opentsdb"
"1710","kardia"
"1711","quickshot"
"1712","sanntid"
"1713","node-jivesbs-rest"
"1714","osmos-odm"
"1715","mservice-social"
"1716","crossref"
"1717","apeman-app-jsonapi"
"1718","jsdom-papandreou"
"1719","firebase-client"
"1720","hdu-oauth2-client"
"1721","asreq"
"1722","routey"
"1723","phant-manager-http"
"1724","fellowshipone"
"1725","form-data"
"1726","postcss"
"1727","sails-raven"
"1728","gateblu-log-tracer"
"1729","meshblu-blink1"
"1730","koapi"
"1731","screwdriver-executor-k8s"
"1732","schenkerian"
"1733","api-tailor"
"1734","asyncbox"
"1735","quadrigacx"
"1736","oauth2-oidc"
"1737","combohandler"
"1738","harvey"
"1739","plugged"
"1740","warehousejs"
"1741","generator-nitro"
"1742","ebay-api"
"1743","alexia"
"1744","observable-process"
"1745","breach-module-manager"
"1746","madmimi-alt"
"1747","sagitta"
"1748","wx-abc"
"1749","stresser"
"1750","omni-common-ui"
"1751","building-static-server"
"1752","ArrowAulaExpress"
"1753","trip-finder-driveback"
"1754","rest-node"
"1755","pinterest-api"
"1756","npm-travis"
"1757","youtube-api"
"1758","slack-promise"
"1759","bcycle"
"1760","vudash-widget-pluck"
"1761","nativefier"
"1762","node-weixin-api"
"1763","xroxy-proxy-scraper"
"1764","aurelia-types-installer"
"1765","gitlab-radiator"
"1766","abe-cli"
"1767","http-measuring-client"
"1768","flare-gun"
"1769","kuss"
"1770","floodesh"
"1771","ct-register-microservice-node"
"1772","sandcrawler"
"1773","alaska-cli"
"1774","pas"
"1775","npm-registry-client"
"1776","npm-popular"
"1777","pk-app-hinet-radio"
"1778","html-readability"
"1779","nudgepad"
"1780","alinex-config"
"1781","gaer"
"1782","node-projector"
"1783","generator-code"
"1784","jenkins-cli"
"1785","vigil"
"1786","psl"
"1787","status-dev-cli"
"1788","mt-front-util"
"1789","exp-amqp-connection"
"1790","homebridge-melcloud"
"1791","newsquery"
"1792","servicenow-rest"
"1793","mtwitter"
"1794","vrdom"
"1795","fstk"
"1796","appc-cli-titanium"
"1797","opearlo-analytics"
"1798","node-gcm"
"1799","node-purestorage"
"1800","chuey"
"1801","lambda-formation"
"1802","node-intlb"
"1803","daplie-tools"
"1804","fetch-one"
"1805","sl-api"
"1806","steamcommunity"
"1807","ranka"
"1808","panoptes-subject-uploader"
"1809","cluster-controller"
"1810","meanify"
"1811","specberus"
"1812","fliplet-cli"
"1813","probe_couchdb"
"1814","livetoken"
"1815","stapps-api"
"1816","digitalocean"
"1817","chai-fireproof"
"1818","icedfrisby"
"1819","onedrive-api"
"1820","anyfetch"
"1821","videojs-vast-vpaid"
"1822","telepay"
"1823","fuge-runner"
"1824","get-selenium"
"1825","longames-util"
"1826","httpify"
"1827","dn"
"1828","pagevamp"
"1829","pagemesh-book-generator"
"1830","sockbot"
"1831","subdomain-router"
"1832","twitch-api-v5"
"1833","fsbx"
"1834","zhihu-api"
"1835","peak"
"1836","sqlpad"
"1837","gateblu"
"1838","s3-util"
"1839","thingspace-sdk"
"1840","ar-workflow-helpers"
"1841","torrentflix"
"1842","url-info-scraper"
"1843","inshorts"
"1844","api-key-validator"
"1845","grunt-geo"
"1846","metalsmith-downloader"
"1847","jasmine-http-server-spy"
"1848","webdriverjs"
"1849","goog-webfont-dl"
"1850","vern-authentication-linkedin"
"1851","top-gh-contribs"
"1852","cogs-sdk"
"1853","unicity_gauntlet"
"1854","livereload"
"1855","appuri-event-api-client"
"1856","anychat"
"1857","zombie-globbies"
"1858","birdy"
"1859","selenium-assistant"
"1860","gcloud"
"1861","ctool-html-compile"
"1862","hudson-taylor"
"1863","eliq2graphite"
"1864","shadowsocks-manager"
"1865","corbel-js"
"1866","wx"
"1867","clannad-sdk"
"1868","webdrivercss"
"1869","hls-ts"
"1870","visionr-server"
